{"chunk_definitions":[{"chunk_id":"chbvywp6jaapm","chunk_label":"unnamed-chunk-1","document_id":"1E29C428","expansion_state":0,"options":{"engine":"r","label":"unnamed-chunk-1"},"row":87,"row_count":1,"visible":true},{"chunk_id":"c6pa9p967md3n","chunk_label":"unnamed-chunk-2","document_id":"1E29C428","expansion_state":0,"options":{"engine":"r","label":"unnamed-chunk-2"},"row":105,"row_count":1,"visible":true},{"chunk_id":"ct7bk23d9ideh","chunk_label":"unnamed-chunk-4","document_id":"1E29C428","expansion_state":0,"options":{"engine":"r","label":"unnamed-chunk-4"},"row":149,"row_count":1,"visible":true}],"doc_write_time":1493625608}